<?xml version="1.0" encoding="utf-8" standalone="yes" ?>
<Window size="134,26" caption="30,30,30,30" roundcorner="7,7">
    <HorizontalLayout bordersize="0" float="false" width="32" height="26" bkimage="ToolBar_bg.png" bkcolor="#FFFFFBF0">
        <Button name="btn_ctrl" tooltip="弹出控制台窗口" bordersize="0" float="true" pos="3,4,0,0" width="24" height="18" textcolor="#FF000000" disabledtextcolor="#FFA7A6AA" align="center" normalimage="file=&apos;btn_tool_set.png&apos; source=&apos;0,0,24,18&apos;" hotimage="file=&apos;btn_tool_set.png&apos; source=&apos;24,0,48,18&apos;" pushedimage="file=&apos;btn_tool_set.png&apos; source=&apos;48,0,72,18&apos;" />
        <Button name="btn_full" tooltip="全屏" bordersize="0" float="true" pos="26,4,0,0" width="24" height="18" textcolor="#FF000000" disabledtextcolor="#FFA7A6AA" align="center" normalimage="file=&apos;btn_tool_full.png&apos; source=&apos;0,0,24,18&apos;" hotimage="file=&apos;btn_tool_full.png&apos; source=&apos;24,0,48,18&apos;" pushedimage="file=&apos;btn_tool_full.png&apos; source=&apos;48,0,72,18&apos;" />
        <Button name="btn_esc_full" tooltip="退出全屏" visible="false" bordersize="0" float="true" pos="26,4,0,0" width="24" height="18" textcolor="#FF000000" disabledtextcolor="#FFA7A6AA" align="center" normalimage="file=&apos;btn_tool_esc.png&apos; source=&apos;0,0,24,18&apos;" hotimage="file=&apos;btn_tool_esc.png&apos; source=&apos;24,0,48,18&apos;" pushedimage="file=&apos;btn_tool_esc.png&apos; source=&apos;48,0,72,18&apos;" />
        <Button name="btn_tile" tooltip="平铺模式" bordersize="0" float="true" pos="49,4,0,0" width="24" height="18" textcolor="#FF000000" disabledtextcolor="#FFA7A6AA" align="center" normalimage="file=&apos;btn_tool_tile.png&apos; source=&apos;0,0,24,18&apos;" hotimage="file=&apos;btn_tool_tile.png&apos; source=&apos;24,0,48,18&apos;" pushedimage="file=&apos;btn_tool_tile.png&apos; source=&apos;48,0,72,18&apos;" focusedimage="file=&apos;btn_tool_tile.png&apos; source=&apos;72,0,96,18&apos;" />
        <Button name="btn_pip" tooltip="画中画模式" visible="false" bordersize="0" float="true" pos="49,4,0,0" width="24" height="16" textcolor="#FF000000" disabledtextcolor="#FFA7A6AA" align="center" normalimage="file=&apos;btn_tool_pip.png&apos; source=&apos;0,0,24,18&apos;" hotimage="file=&apos;btn_tool_pip.png&apos; source=&apos;24,0,48,18&apos;" pushedimage="file=&apos;btn_tool_pip.png&apos; source=&apos;48,0,72,18&apos;" focusedimage="file=&apos;btn_tool_pip.png&apos; source=&apos;72,0,96,18&apos;" />
        <Button name="btn_single" tooltip="单窗口模式" bordersize="0" float="true" pos="72,4,0,0" width="24" height="18" textcolor="#FF000000" disabledtextcolor="#FFA7A6AA" align="center" normalimage="btn_tool_single1.png" hotimage="btn_tool_single2.png" />
    </HorizontalLayout>
</Window>
