<?xml version="1.0" encoding="utf-8"?>
<Window roundcorner="3,3">
  <Default name="Menu" value="inset=&quot;2,2,2,2&quot; itemtextpadding=&quot;30,0,0,0&quot; bkimage=&quot;file='menu_bk.png' corner='30,8,8,8'&quot; hole=&quot;false&quot; itemtextcolor=&quot;#FFC8C6C6&quot; itemselectedtextcolor=&quot;#FFFFFFFF&quot; itemselectedimage=&quot;menu_selected.png&quot;" />
  <Menu>
    <MenuElement name="Menu_Back" text=" 打开主面板" frontimg="file='home.png' dest='2,2,22,22'" />
    <MenuElement text="" height="3" enabled="false">
      <HorizontalLayout>
        <Label width="26"/>
        <Label bkimage="file='menu_separtor.png'"/>
        <Label width="8"/>
      </HorizontalLayout>
    </MenuElement>
    <MenuElement name="Menu_Exit" text=" 退出系统" />
  </Menu>
</Window>